4.01063E+11;Clerq Allen ;Averilla;Ondivilla;M;09/02/2000;65;75;17;1;Christianity;4.01063E+11;25;1st;O;A. Pascual;San Jose City;Nueva Ecija
1.05719E+11;Jomar;Bautista;Pablo;M;08/07/2000;63;68;17;4;Christianity;1.05719E+11;54;3rd;P;Tabulac;San Jose City;Nueva Ecija
1.05709E+11;Oliver;Blanco;;M;07/17/2000;67;87;17;1;Christianity;1.05709E+11;78;1st;V;Sibut;San Jose City;Nueva Ecija
1.05695E+11;Jerico;Colisao;Reyes;M;07/24/2000;56;68;17;4;Christianity;1.05695E+11;45;1st;R;Panajon;San Jose City;Nueva Ecija
1.05709E+11;John Dominic;Cristobal;Catbagan;M;08/13/2000;55;95;17;2;Christianity;1.05709E+11;57;2nd;C;Sibut;San Jose City;Nueva Ecija
1.057E+11;Jan Person;Del Rosario;Pugong;M;07/13/2000;67;74;17;4;Christianity;1.057E+11;Zone 2;1st;P;Malasin;San Jose City;Nueva Ecija
1.05725E+11;Dominador, Jr.;Dela Pena;Avenido;M;06/26/1999;54;62;19;6;Christianity;1.05725E+11;75;5th;A;Ferdinand E. Marcos Pob;San Jose City;Nueva Ecija
1.05724E+11;Joe Marc ;Fermano;Corpuz;M;04/02/2001;56;67;17;2;Christianity;1.05724E+11;45;2nd;C;Parang Mangga;San Jose City;Nueva Ecija
1.0551E+11;Lester John;Jimenez;Bulosan;M;08/14/2000;87;68;17;2;Christianity;1.0551E+11;54;1st;B;Sta. Barbara;Llanera;Nueva Ecija
4.01053E+11;John Lloyd;Juliano;Culala;M;10/22/2000;56;69;17;2;Christianity;4.01053E+11;456;2nd;C;Bagong Sikat;San Jose City;Nueva Ecija
1.05709E+11;C. Jay;Macayanan;Glorioso;M;03/03/2000;45;70;18;3;Christianity;1.05709E+11;545;2nd;G;Sibut;San Jose City;Nueva Ecija
1.05725E+11;John Patrick;Santos;De Leon;M;05/04/2000;66;54;18;3;Christianity;1.05725E+11;56;2nd;D;Villa Ramos;San Jose City;Nueva Ecija
1.05716E+11;Raymart;Sonedo;;M;09/03/2000;68;68;17;3;Christianity;1.05716E+11;65;1st;;Abar 1st;San Jose City;Nueva Ecija
4.0105E+11;John Philip;Venturina;Rabino;M;03/24/2001;75;69;17;2;Christianity;4.0105E+11;457;2nd;R;Calaocan;San Jose City;Nueva Ecija
1.05703E+11;Roilan;Yabes;Evangelista;M;10/21/2000;48;67;17;1;Christianity;1.05703E+11;44;1st;E;Palestina;San Jose City;Nueva Ecija
1.05725E+11;Althea;Agustin;Tan;F;09/23/2000;50;64;17;1;Christianity;1.05725E+11;544;2nd;T;Calaocan;San Jose City;Nueva Ecija
1.05831E+11;Reynalyn;Caliboso;Bernalte;F;10/09/2000;54;66;17;4;Christianity;1.05831E+11;445;2nd;B;Palestina;San Jose City;Nueva Ecija
1.05712E+11;Reyah Maeh;Camilon;Jaca;F;09/10/2000;65;74;17;3;Christianity;1.05712E+11;725;3rd;J;Tayabo;San Jose City;Nueva Ecija
1.05725E+11;Jericka;De Leon;Manuel;F;08/29/2000;63;62;17;3;Christianity;1.05725E+11;45;2nd;M;Calaocan;San Jose City;Nueva Ecija
1.05725E+11;Christel Mae;De Vera;Derilo;F;07/09/2001;67;67;16;4;Christianity;1.05725E+11;54;2nd;D;Abar 2nd;San Jose City;Nueva Ecija
1.05731E+11;Cris Lalaine;Dizo;Rada;F;12/04/2000;56;68;17;3;Christianity;1.05731E+11;54;1st;R;Sto. Tomas;San Jose City;Nueva Ecija
1.05722E+11;Abigail;Dumale;Satorre;F;03/07/2001;55;69;17;2;Christianity;1.05722E+11;2142;2nd;S;San Andres;Mu?oz;Nueva Ecija
1.05713E+11;Novelyn;Dupol;Santos;F;11/29/2001;67;70;16;3;Christianity;1.05713E+11;54;3rd;S;Palestina;San Jose City;Nueva Ecija
1.05717E+11;Baby Loraine;Esteban;Legaspi;F;03/23/2001;54;54;17;7;Christianity;1.05717E+11;224;6th;L;Abar 1st;San Jose City;Nueva Ecija
3.008E+11;Grazzielle Ann;Galvadores;Maigue;F;06/08/2001;56;68;17;2;Christianity;3.008E+11;24;1st;M;Abar 1st;San Jose City;Nueva Ecija
1.05489E+11;Ericka Mae;Ibarra;Ferrer;F;07/15/2000;87;69;17;1;Christianity;1.05489E+11;545;1st;F;Abar 1st;San Jose City;Nueva Ecija
1.05725E+11;Bennylyn ;Iligan;Ramones;F;02/16/2001;56;67;17;3;Christianity;1.05725E+11;524;1st;R;Abar 1st;San Jose City;Nueva Ecija
1.05725E+11;Hanna;Moico;Sotto;F;02/06/2001;45;64;17;5;Christianity;1.05725E+11;54;5th;S;Abar 1st;San Jose City;Nueva Ecija
1.0549E+11;Jessica;Naingue;Salamanca;F;09/02/2000;66;75;17;2;Christianity;1.0549E+11;5783;2nd;S;A. Bonifacio Sur (A Bonifacio);Llanera;Nueva Ecija
3.008E+11;Judilyn;Natan;Saturno;F;06/18/1998;68;48;20;3;Christianity;3.008E+11;524;2nd;S;Tabulac;San Jose City;Nueva Ecija
1.05725E+11;Angele Mae ;Punzalan;Santos;F;05/20/2001;64;50;17;4;Christianity;1.05725E+11;38;4th;S;Abar 1st;San Jose City;Nueva Ecija
1.05725E+11;Prinses Anne;Reyes;Azadon;F;08/22/2000;75;54;17;2;Christianity;1.05725E+11;868;2nd;A;Abar 1st;San Jose City;Nueva Ecija
1.05725E+11;Regelle;Reyes;Ramos;F;04/07/2001;48;65;17;6;Christianity;1.05725E+11;545;4th;R;Villa Ramos;San Jose City;Nueva Ecija
1.05711E+11;Michelle Ann ;San Roque;Esteban;F;05/26/1999;50;63;19;3;Christianity;1.05711E+11;485;2nd;E;Abar 1st;San Jose City;Nueva Ecija
1.05725E+11;Glecerie;Sevilla;Adriano;F;08/30/2000;54;67;17;3;Christianity;1.05725E+11;101;3rd;A;Calaocan;San Jose City;Nueva Ecija
1.05697E+11;Jacky Lyn;Sy;Rigor;F;03/11/2000;65;56;18;6;Christianity;1.05697E+11;43;5th;R;Abar 1st;San Jose City;Nueva Ecija
1.05128E+11;Clarissa;Tomas;Enriquez;F;08/21/2001;63;87;16;4;Christianity;1.05128E+11;23;2nd;E;Tabulac;San Jose City;Nueva Ecija
1.05731E+11;Kim Pearlyn;Villanos;Domingo;F;01/26/2001;67;56;17;4;Christianity;1.05731E+11;41;1st;D;Sto. Ni?o 1st;San Jose City;Nueva Ecija
1.14838E+11;Joneyline ;Villaruel;Roxas;F;02/28/2001;56;45;17;5;Christianity;1.14838E+11;32;4th;R;Sinipit Bubon;San Jose City;Nueva Ecija
1.05725E+11;Rubini Kate;Villena;Padua;F;07/03/2001;87;66;16;5;Christianity;1.05725E+11;34;4th;P;Sto. Tomas;San Jose City;Nueva Ecija
1.05734E+11;Patrisha;Yanes;;F;08/23/2000;56;68;17;4;Christianity;1.05734E+11;43;1st;;Tulat;San Jose City;Nueva Ecija
